[
    {
        "id": "recipe_1763431823184_0",
        "title": "계란말이",
        "summary": "부드럽고 촉촉한 계란을 여러 겹으로 말아 만든 한국식 달걀말이 요리입니다.",
        "ingredients": [
            "계란 4개",
            "소금 약간",
            "설탕 약간",
            "다진 당근 1큰술",
            "다진 파 1큰술",
            "식용유 적당량"
        ],
        "steps": [
            "계란을 볼에 깨어 소금과 설탕을 넣고 잘 풀어준다.",
            "다진 당근과 파를 계란물에 넣고 섞어준다.",
            "달군 팬에 식용유를 두르고 계란물을 얇게 부친다.",
            "계란이 반쯤 익었을 때부터 한쪽 끝부터 조심스럽게 말아 준다.",
            "팬 한쪽에 말아 놓은 계란을 밀어 모은 후, 빈 공간에 다시 계란물을 부어 조금 익히고 또 말아준다.",
            "이 과정을 계란물이 다 떨어질 때까지 반복하면서 여러 겹으로 계란말이를 완성한다.",
            "완성된 계란말이를 도마에 올려 식힌 후 먹기 좋은 크기로 자른다."
        ],
        "tip": "계란물을 너무 많이 붓지 말고 얇게 부쳐야 쉽게 말 수 있으며 식용유를 충분히 두르면 계란이 달라붙지 않습니다.",
        "image_url": "https:\/\/images.pexels.com\/photos\/6294366\/pexels-photo-6294366.jpeg?auto=compress&cs=tinysrgb&h=350",
        "createdAt": "2025-11-18T02:10:45.408Z"
    },
    {
        "id": "recipe_1763432110734",
        "title": "계란 프라이",
        "summary": "달걀을 팬에 깨뜨려 노른자가 반숙 또는 완숙이 되도록 익힌 간단한 요리입니다.",
        "ingredients": [
            "계란",
            "식용유",
            "소금",
            "후추"
        ],
        "steps": [
            "팬에 식용유를 두르고 중약불로 예열한다.",
            "계란을 깨서 팬에 조심스럽게 넣는다.",
            "노른자가 원하는 정도로 익을 때까지 익힌다.",
            "소금과 후추로 간을 한다.",
            "팬에서 계란을 조심히 꺼내 접시에 담는다.",
            "",
            "레시피는 수정되었습니다!"
        ],
        "image_url": "https:\/\/images.pexels.com\/photos\/722223\/pexels-photo-722223.jpeg?auto=compress&cs=tinysrgb&h=350"
    },
    {
        "id": "recipe_1763456668919",
        "title": "계란 프라이",
        "summary": "달걀을 팬에 부쳐 노른자가 반숙 또는 완숙이 되도록 조리한 간단한 요리입니다.",
        "ingredients": [
            "계란 1개",
            "식용유 또는 버터 1큰술",
            "소금 약간",
            "후추 약간"
        ],
        "steps": [
            "팬에 식용유 또는 버터를 두르고 중간 불로 예열한다.",
            "계란을 조심스럽게 팬에 깨뜨려 넣는다.",
            "흰자가 하얗게 변하고 가장자리가 바삭해질 때까지 익힌다.",
            "기호에 따라 노른자를 반숙 또는 완숙으로 조절한다.",
            "소금과 후추로 간을 하고 접시에 옮겨 담는다."
        ],
        "tip": "계란을 팬에 넣기 전에 신선한지를 확인하면 더 맛있는 계란 프라이를 만들 수 있습니다. 버터를 사용하면 고소한 맛이 더해집니다.",
        "image_url": "https:\/\/images.pexels.com\/photos\/722223\/pexels-photo-722223.jpeg?auto=compress&cs=tinysrgb&h=350",
        "createdAt": "2025-11-18T09:04:45.776Z"
    },
    {
        "id": "recipe_1763619966979",
        "title": "계란 토마토 스크램블",
        "summary": "부드럽고 촉촉한 계란 스크램블에 신선한 토마토를 더해 상큼함과 영양이 가득한 요리입니다. 아침 식사나 가벼운 한 끼로 매우 좋으며, 누구나 쉽게 만들 수 있어 요리 초보자에게도 추천해요.",
        "ingredients": [
            "계란 3개",
            "토마토 1개 (중간 크기)",
            "식용유 1큰술",
            "소금 약간",
            "후추 약간",
            "우유 2큰술 (선택 사항)"
        ],
        "steps": [
            "토마토는 깨끗이 씻어 작은 크기로 깍둑썰기 합니다.",
            "계란을 그릇에 깨고 소금, 후추, 우유를 넣어 잘 풀어줍니다.",
            "팬에 식용유를 두르고 중간 불에서 달군 후, 토마토를 넣고 1~2분간 살짝 볶아줍니다.",
            "준비한 계란물을 팬에 부어 젓가락이나 주걱으로 부드럽게 저어가며 스크램블합니다.",
            "계란이 반쯤 익으면 불을 약하게 줄이고 조금 더 익혀 부드러운 식감이 나도록 합니다.",
            "완성된 계란 토마토 스크램블을 접시에 담아 따뜻할 때 바로 즐기세요."
        ],
        "tip": "스크램블을 할 때 너무 센 불을 사용하면 계란이 금방 딱딱해질 수 있으니 중약불에서 천천히 익히는 것이 부드러운 식감을 살리는 비결이에요. 또한 토마토의 신선한 맛을 살리기 위해 볶는 시간을 길게 하지 않는 것이 좋아요.",
        "image_url": "https:\/\/images.pexels.com\/photos\/16119653\/pexels-photo-16119653.jpeg?auto=compress&cs=tinysrgb&h=350",
        "createdAt": "2025-11-20T06:26:33.774Z"
    },
    {
        "id": "recipe_1763810786734",
        "title": "계란찜",
        "summary": "부드럽고 촉촉한 한국식 계란찜은 간단한 재료로 빠르게 만들 수 있는 건강한 반찬입니다.",
        "ingredients": [
            "계란 3개",
            "물 1컵(200ml)",
            "소금 1\/2작은술",
            "다진 대파 1큰술",
            "참기름 1작은술",
            "후추 약간"
        ],
        "steps": [
            "볼에 계란을 깨서 넣고 잘 풀어준다.",
            "계란에 물과 소금을 넣고 고루 섞는다.",
            "체에 한 번 걸러서 부드러운 식감을 만든다.",
            "뚝배기나 내열 용기에 계란물을 붓고 중약불에 올린다.",
            "젓지 말고 뚜껑을 덮어 10~15분간 쪄준다.",
            "계란물이 부풀고 익으면 다진 대파와 후추, 참기름을 넣고 섞는다.",
            "한 번 더 뚜껑을 덮고 2~3분간 더 익힌다."
        ],
        "tip": "체에 걸러 부드러운 식감을 만들고, 물 양을 조절해 촉촉함을 조절하세요.",
        "image_url": "https:\/\/images.pexels.com\/photos\/19092936\/pexels-photo-19092936.jpeg?auto=compress&cs=tinysrgb&h=350",
        "createdAt": "2025-11-22T11:26:43.329Z"
    }
]